<?xml version='1.0' encoding='utf-8'?>
<tomcat-users xmlns="http://tomcat.apache.org/xml"
              xmlns:xsi="http://www.w3.org/2001/XMLSchema-instance"
              xsi:schemaLocation="http://tomcat.apache.org/xml tomcat-users.xsd"
              version="1.0">
  <role rolename="admin"/>
  <role rolename="analyst"/>
  <role rolename="HR"/>
  <role rolename="manager-script"/>
  <role rolename="kie-server"/>
  <role rolename="PM"/>
  <role rolename="user"/>
  <role rolename="manager-gui"/>
  <user username="user1" password="user1" roles="admin,analyst,PM,HR,kie-server"/>
  <user username="wbadmin" password="wbadmin123" roles="admin,analyst,PM,HR,kie-server"/>
  <user username="kieserver" password="kieserver1!" roles="kie-server"/>
  <user username="admin" password="admin" roles="manager-gui,manager-script"/>
</tomcat-users>
